frame,resid,resname,defect_size
PLacyl_frame_4,20,THR,3.4700000000000006
PLacyl_frame_4,24,ILE,3.4700000000000006
PLacyl_frame_4,26,ILE,3.4700000000000006
PLacyl_frame_5,23,GLU,5.280000000000001
PLacyl_frame_6,11,TRP,3.960000000000001
PLacyl_frame_6,12,ILE,3.960000000000001
PLacyl_frame_6,20,THR,3.960000000000001
PLacyl_frame_6,22,ARG,3.960000000000001
PLacyl_frame_6,23,GLU,3.960000000000001
PLacyl_frame_7,3,GLU,4.940000000000001
PLacyl_frame_7,6,ALA,4.940000000000001
PLacyl_frame_7,9,PHE,4.940000000000001
PLacyl_frame_7,12,ILE,4.940000000000001
PLacyl_frame_8,8,VAL,5.460000000000001
PLacyl_frame_8,27,GLY,5.460000000000001
PLacyl_frame_8,35,GLN,5.460000000000001
PLacyl_frame_9,4,LEU,4.370000000000001
PLacyl_frame_9,5,SER,4.370000000000001
PLacyl_frame_9,24,ILE,4.370000000000001
PLacyl_frame_9,26,ILE,4.370000000000001
PLacyl_frame_9,37,TYR,4.370000000000001
PLacyl_frame_10,20,THR,5.650000000000001
PLacyl_frame_10,22,ARG,5.650000000000001
PLacyl_frame_10,27,GLY,5.650000000000001
PLacyl_frame_10,30,HSD,5.650000000000001
PLacyl_frame_10,33,LYS,5.650000000000001
