{
    "HGA1": 1.32,
    "HGA2": 1.34,
    "HOL": 0.2245,
    "HAL1": 1.32,
    "HAL2": 1.34,
    "HAL3": 1.34,
    "HBL": 1.32,
    "HCL": 0.2245,
    "HL": 0.7,
    "HEL1": 1.25,
    "HEL2": 1.26,
    "CL": 2.0,
    "CCL": 2.0,
    "CTL1": 2.275,
    "CTL2": 2.01,
    "CTL3": 2.04,
    "CTL5": 2.06,
    "CEL1": 2.09,
    "CEL2": 2.08,
    "CRL1": 2.01,
    "CRL2": 2.02,
    "OBL": 1.7,
    "OCL": 1.7,
    "O2L": 1.7,
    "OHL": 1.77,
    "OSL": 1.65006,
    "OSLP": 1.65006,
    "NH3L": 1.85,
    "NTL": 1.85,
    "SL": 2.1,
    "PL": 2.15,
    "CC301": 2.0,
    "CC3062": 2.0,
    "CC311": 2.0,
    "CC3161": 2.0,
    "CC3162": 2.0,
    "CC3163": 2.0,
    "CC321": 2.01,
    "CC3261": 2.01,
    "CC3263": 2.01,
    "CC331": 2.04,
    "CC2O1": 2.0,
    "CC2O2": 2.0,
    "CC2O3": 2.0,
    "CC2O4": 1.8,
    "CC2O5": 1.7,
    "OC2D1": 1.7,
    "OC2D2": 1.7,
    "OC2D3": 1.7,
    "OC2D4": 1.7,
    "OC3C61": 1.65,
    "OC311": 1.765,
    "NC2D1": 1.85,
    "HCP1": 0.2245,
    "HCA1": 1.34,
    "HCA2": 1.34,
    "HCA3": 1.34,
    "OC2DP": 1.7,
    "OC312": 1.77,
    "OC30P": 1.77,
    "PC": 2.15,
    "SC": 2.1
}
